USE online_cinema;

INSERT INTO `directors` (`name`, `birth_date`)
VALUES
  ('Брайан Де Пальма>', STR_TO_DATE('1940-09-11', '%Y-%m-%d')),
  ('Фрэнсис Форд Коппола', STR_TO_DATE('1937-04-7', '%Y-%m-%d')),
  ('Андрей Тарковский', STR_TO_DATE('1932-04-4', '%Y-%m-%d')),
  ('Стэнли Кубрик', STR_TO_DATE('1928-07-26', '%Y-%m-%d')),
  ('Мартин Скорсезе', STR_TO_DATE('1942-11-17', '%Y-%m-%d')),
  ('Квентин Тарантино', STR_TO_DATE('1963-03-27', '%Y-%m-%d')),
  ('Гай Ричи', STR_TO_DATE('1968-09-10', '%Y-%m-%d')),
  ('Ридли Скотт', STR_TO_DATE('1937-11-30', '%Y-%m-%d'));

INSERT INTO `films` (`id`, `film_name`,`release_date`,`avr_grade`, `description`,
           `duration`, `film_age_rating`, `link`, `main_director_id`)
VALUES
('1', 'Миссия невыполнима', STR_TO_DATE('1996-05-21', '%Y-%m-%d'),'8.1',
'Обвиненный в предательстве агент ЦРУ разоблачает заговор.',
'110', '12', 'https://www.kinopoisk.ru/film/3961', '1'),
('2', 'Лицо со шрамом', STR_TO_DATE('1983-12-09', '%Y-%m-%d'),'8.3',
'Кубинский иммигрант становится главой наркомафии в Майами 1980-х. Жесткая драма с выдающейся ролью Аль Пачино',
'170', '18', 'https://www.kinopoisk.ru/film/4695', '1'),
('3', 'Кэрри', STR_TO_DATE('1976-11-03', '%Y-%m-%d'),'7.2',
'Робкую и доверчивую Кэрри третируют и обижают в школе и дома. От природы добрая девушка становится замкнутой и мрачной. В то же время она открывает в себе странные и страшные силы. А сверстники готовят очередную изощренную шутку над Кэрри, даже не подозревая, чем это для них закончится.',
'98', '16', 'https://www.kinopoisk.ru/film/7459', '1'),
('4', 'Неприкасаемые', STR_TO_DATE('1987-06-02', '%Y-%m-%d'),'7.8',
'Спецагенты противостоят подпольной империи Аль Капоне. Роберт Де Ниро в драме об Америке времен сухого закона.',
'110', '16', 'https://www.kinopoisk.ru/film/533', '1'),
('5', 'Путь Карлито', STR_TO_DATE('1993-11-07', '%Y-%m-%d'),'8.0',
'Крупный наркоделец Карлито Бриганте вышел из тюрьмы, где отбыл пять лет. Теперь, возвращаясь в испанский квартал Нью-Йорка к любимой женщине, он хочет все бросить и начать честную жизнь. ',
'144', '16', 'https://www.kinopoisk.ru/film/4275', '1'),
('6', 'Роковая женщина', STR_TO_DATE('2002-05-01', '%Y-%m-%d'),'6.7',
'Лора Эш, участвуя в похищении драгоценностей, обманывает сообщников и бежит в Париж. Там она сталкивается с похожей на неё девушкой, которая совершает самоубийство. Лора решает воспользоваться ситуацией и выдать погибшую за себя, а себя — за неё.',
'114', '16', 'https://www.kinopoisk.ru/film/667', '1'),
('7', 'Воскрешение Каина', STR_TO_DATE('1992-08-07', '%Y-%m-%d'),'6.1',
'Дженни Никс, жена выдающегося детского психолога Картера Никса, обеспокоена навязчивой одержимостью мужа воспитанием их дочери.',
'110', '16', 'https://www.kinopoisk.ru/film/15535', '1'),
('8', 'Миссия на Марс', STR_TO_DATE('2000-03-06', '%Y-%m-%d'),'6.7',
'Когда первая пилотируемая экспедиция на Марс терпит загадочную катастрофу, спасательная экспедиция отправляется на расследование трагедии и спасение оставшихся в живых.',
'114', '12', 'https://www.kinopoisk.ru/film/7353', '1'),
('9', 'Крестный отец', STR_TO_DATE('1972-03-14', '%Y-%m-%d'),'8.7',
'Криминальная сага, повествующая о нью-йоркской сицилийской мафиозной семье Корлеоне. Фильм охватывает период 1945-1955 годов.',
'175', '16', 'https://www.kinopoisk.ru/film/325', '2'),
('10', 'Апокалипсис сегодня', STR_TO_DATE('1979-05-19', '%Y-%m-%d'),'8.1',
'Во время Вьетнамской войны капитан Уиллард отправляется вверх по реке в Камбоджу со спецзаданием: найти и убить сумасшедшего полковника Курца, создавшего в отдалённом районе нечто вроде собственного культа.',
'194', '18', 'https://www.kinopoisk.ru/film/354', '2'),
('11', 'Сонная Лощина', STR_TO_DATE('1999-11-17', '%Y-%m-%d'),'7.9',
'Нью-Йорк, 1799 год. Икабода Крэйна, молодого констебля, отправляют в местечко Сонная лощина для расследования загадочных убийств. Все жертвы, как сообщает местное население, погибают от меча всадника без головы.',
'105', '16', 'https://www.kinopoisk.ru/film/5622', '2'),
('12', 'Солярис', STR_TO_DATE('1972-02-05', '%Y-%m-%d'),'8.0',
'На космической станции Крис встречает призрак умершей жены. Шедевр Тарковского об искушении и о сути любви.',
'169', '12', 'https://www.kinopoisk.ru/film/43911', '3'),
('13', 'Андрей Рублев', STR_TO_DATE('1966-12-16', '%Y-%m-%d'),'8.0',
'Русь начала XV века. Страну раздирают княжеские междоусобицы. Набеги татар, голод и мор преследуют народ... В эту трагическую эпоху появляется на Руси великий живописец, жизни и творчеству которого посвящен фильм.',
'175', '12', 'https://www.kinopoisk.ru/film/8385', '3'),
('14', 'Сталкер', STR_TO_DATE('1979-01-01', '%Y-%m-%d'),'8.1',
'Мистическое путешествие через Зону к комнате, где исполняются желания. Философский шедевр Андрея Тарковского.',
'163', '12', 'https://www.kinopoisk.ru/film/43970', '3'),
('15', 'Сияние', STR_TO_DATE('1980-05-23', '%Y-%m-%d'),'7.8',
'Джек Торренс с женой и сыном приезжает в элегантный отдалённый отель, чтобы работать смотрителем во время мертвого сезона.',
'144', '18', 'https://www.kinopoisk.ru/film/409', '4'),
('16', 'Цельнометаллическая оболочка', STR_TO_DATE('1987-06-17', '%Y-%m-%d'),'8.0',
'Американская база подготовки новобранцев корпуса морской пехоты. Жесточайшая, бесчеловечная система призвана превратить домашних мальчишек в натренированных хладнокровных убийц.',
'116', '16', 'https://www.kinopoisk.ru/film/418', '4'),
('17', '2001 год: Космическая одиссея', STR_TO_DATE('1968-04-02', '%Y-%m-%d'),'7.9',
'Экипаж космического корабля «Дискавери» — капитаны Дэйв Боумэн, Фрэнк Пул и их бортовой компьютер HAL 9000 — должны исследовать район галактики и понять, почему инопланетяне следят за Землей.',
'149', '12', 'https://www.kinopoisk.ru/film/380', '4'),
('18', 'С широко закрытыми глазами', STR_TO_DATE('1999-07-13', '%Y-%m-%d'),'7.5',
'Билл и Элис Харфорд — супружеская пара, производящая впечатление счастливых людей, живущих размеренной жизнью в полном достатке. Но за фасадом идеальных отношений скрываются потоки ревности, неудовлетворенности, тайных желаний и жажды чего-то запредельного.',
'159', '16', 'https://www.kinopoisk.ru/film/3608', '4'),
('19', 'Волк с Уолл-стрит', STR_TO_DATE('2013-12-09', '%Y-%m-%d'),'7.9',
'1987 год. Джордан Белфорт становится брокером в успешном инвестиционном банке. Вскоре банк закрывается после внезапного обвала индекса Доу-Джонса.',
'180', '18', 'https://www.kinopoisk.ru/film/462682', '5'),
('20', 'Остров проклятых', STR_TO_DATE('2010-02-10', '%Y-%m-%d'),'7.9',
'Два американских судебных пристава отправляются на один из островов в штате Массачусетс, чтобы расследовать исчезновение пациентки клиники для умалишенных преступников.',
'138', '18', 'https://www.kinopoisk.ru/film/397667', '5'),
('21', 'Отступники', STR_TO_DATE('2006-09-26', '%Y-%m-%d'),'8.5',
'Два лучших выпускника полицейской академии оказались по разные стороны баррикады: один из них – агент мафии в рядах правоохранительных органов, другой – «крот», внедрённый в мафию.',
'151', '16', 'https://www.kinopoisk.ru/film/81314', '5'),
('22', 'Славные парни', STR_TO_DATE('1990-09-09', '%Y-%m-%d'),'8.1',
'История о Генри Хилле — начинающем гангстере, занимающемся грабежами вместе с подельниками Джими Конвеем и Томми Де Вито, которые с легкостью убивают любого, кто встаёт у них на пути.',
'140', '18', 'https://www.kinopoisk.ru/film/350', '5'),
('23', 'Криминальное чтиво', STR_TO_DATE('1994-05-21', '%Y-%m-%d'),'8.6',
'Двое бандитов Винсент Вега и Джулс Винфилд ведут философские беседы в перерывах между разборками и решением проблем с должниками криминального босса Марселласа Уоллеса.',
'154', '18', 'https://www.kinopoisk.ru/film/342', '6'),
('24', 'Однажды в… Голливуде', STR_TO_DATE('2019-05-19', '%Y-%m-%d'),'7.6',
'Можно ли переписать историю? Самый ностальгический фильм Тарантино — с Шэрон Тейт, Брюсом Ли и Чарли Мэнсоном.',
'161', '18', 'https://www.kinopoisk.ru/film/1047883', '6'),
('25', 'Джанго освобожденный', STR_TO_DATE('2012-12-11', '%Y-%m-%d'),'8.2',
'Метко шутя и стреляя, охотники за головами уничтожают негодяев. Квентин Тарантино пробует силы в вестерне.',
'165', '18', 'https://www.kinopoisk.ru/film/586397', '6'),
('26', 'Омерзительная восьмерка', STR_TO_DATE('2015-12-07', '%Y-%m-%d'),'7.9',
'США после Гражданской войны. Легендарный охотник за головами Джон Рут по кличке Вешатель конвоирует заключенную.',
'187', '18', 'https://www.kinopoisk.ru/film/819101', '6'),
('27', 'Джентльмены', STR_TO_DATE('2019-12-03', '%Y-%m-%d'),'8.5',
'Один ушлый американец ещё со студенческих лет приторговывал наркотиками, а теперь придумал схему нелегального обогащения с использованием поместий обедневшей английской аристократии и очень неплохо на этом разбогател.',
'113', '18', 'https://www.kinopoisk.ru/film/1143242', '7'),
('28', 'Гнев человеческий', STR_TO_DATE('2021-04-22', '%Y-%m-%d'),'7.6',
'Грузовики лос-анджелесской инкассаторской компании Fortico Security часто подвергаются нападениям, и во время очередного ограбления погибают оба охранника.',
'119', '18', 'https://www.kinopoisk.ru/film/1318972', '7'),
('29', 'Карты, деньги, два ствола', STR_TO_DATE('1998-08-23', '%Y-%m-%d'),'8.6',
'Четверо молодых парней накопили каждый по 25 тысяч фунтов, чтобы один из них мог сыграть в карты с опытным шулером и матерым преступником, известным по кличке Гарри-Топор.',
'107', '18', 'https://www.kinopoisk.ru/film/522', '7'),
('30', 'Большой куш', STR_TO_DATE('2000-08-23', '%Y-%m-%d'),'8.5',
'Фрэнки Четыре Пальца должен был переправить краденый алмаз из Англии в США своему боссу Эви, но, сделав ставку на подпольный боксерский поединок, он попал в круговорот весьма нежелательных событий.',
'104', '18', 'https://www.kinopoisk.ru/film/526', '7'),
('31', 'Последняя дуэль', STR_TO_DATE('2021-09-10', '%Y-%m-%d'),'7.4',
'Франция, конец XIV века. Отношения между рыцарем Жаном де Карружем и его соратником и соседом Жаком Ле Гри постепенно портятся, и дело доходит до неразрешимого конфликта.',
'152', '18', 'https://www.kinopoisk.ru/film/1289738', '8'),
('32', 'Гладиатор', STR_TO_DATE('2000-05-01', '%Y-%m-%d'),'8.6',
'Отважный генерал, ставший рабом, мстит империи. Культовая историческая драма Ридли Скотта с пятью «Оскарами»',
'155', '16', 'https://www.kinopoisk.ru/film/474', '8'),
('33', 'Чужой', STR_TO_DATE('1979-05-25', '%Y-%m-%d'),'8.1',
'Группа космонавтов высаживается на неизвестной планете и знакомится с ксеноморфом.',
'116', '16', 'https://www.kinopoisk.ru/film/386', '8'),
('34', 'Прометей', STR_TO_DATE('2012-04-11', '%Y-%m-%d'),'7.0',
'Ученые ищут колыбель человечества, а находят древнее зло. Возвращение Ридли Скотта во франшизу о Чужих.',
'124', '16', 'https://www.kinopoisk.ru/film/467099', '8');


INSERT INTO `actors` (`id`,`name`,`birth_date`)
VALUES
  ('1', 'Том Круз', STR_TO_DATE('1962-07-03', '%Y-%m-%d')),
  ('2', 'Джон Войт', STR_TO_DATE('1938-12-29', '%Y-%m-%d')),
  ('3', 'Эмманюэль Беар', STR_TO_DATE('1963-08-14', '%Y-%m-%d')),
  ('4', 'Аль Пачино', STR_TO_DATE('1940-04-25', '%Y-%m-%d')),
  ('5', 'Стивен Бауэр', STR_TO_DATE('1956-12-02', '%Y-%m-%d')),
  ('6', 'Мишель Пфайффер', STR_TO_DATE('1958-04-29', '%Y-%m-%d')),
  ('7', 'Сисси Спейсек', STR_TO_DATE('1949-12-25', '%Y-%m-%d')),
  ('8', 'Пайпер Лори', STR_TO_DATE('1932-01-22', '%Y-%m-%d')),
  ('9', 'Эми Ирвинг', STR_TO_DATE('1953-09-10', '%Y-%m-%d')),
  ('10', 'Кевин Костнер', STR_TO_DATE('1955-01-18', '%Y-%m-%d')),
  ('11', 'Шон Коннери', STR_TO_DATE('1930-08-25', '%Y-%m-%d')),
  ('12', 'Чарльз Мартин Смит', STR_TO_DATE('1953-10-30', '%Y-%m-%d')),
  ('13', 'Шон Пенн', STR_TO_DATE('1960-08-17', '%Y-%m-%d')),
  ('14', 'Пенелопа Энн Миллер', STR_TO_DATE('1964-01-13', '%Y-%m-%d')),
  ('15', 'Ребекка Ромейн', STR_TO_DATE('1964-11-06', '%Y-%m-%d')),
  ('16', 'Антонио Бандерас', STR_TO_DATE('1960-08-10', '%Y-%m-%d')),
  ('17', 'Питер Койот', STR_TO_DATE('1941-10-10', '%Y-%m-%d')),
  ('18', 'Джон Литгоу', STR_TO_DATE('1945-10-19', '%Y-%m-%d')),
  ('19', 'Лолита Давидович', STR_TO_DATE('1961-07-15', '%Y-%m-%d')),
  ('20', 'Стивен Бауэр', STR_TO_DATE('1956-12-02', '%Y-%m-%d')),
  ('21', 'Гэри Синиз', STR_TO_DATE('1955-03-17', '%Y-%m-%d')),
  ('22', 'Тим Роббинс', STR_TO_DATE('1958-10-16', '%Y-%m-%d')),
  ('23', 'Дон Чидл', STR_TO_DATE('1964-11-29', '%Y-%m-%d')),
  ('24', 'Марлон Брандо', STR_TO_DATE('1924-04-03', '%Y-%m-%d')),
  ('25', 'Джеймс Каан', STR_TO_DATE('1940-03-26', '%Y-%m-%d')),
  ('26', 'Мартин Шин', STR_TO_DATE('1940-08-03', '%Y-%m-%d')),
  ('27', 'Роберт Дювалл', STR_TO_DATE('1931-01-05', '%Y-%m-%d')),
  ('28', 'Джонни Депп', STR_TO_DATE('1963-06-09', '%Y-%m-%d')),
  ('29', 'Кристина Риччи', STR_TO_DATE('1980-02-12', '%Y-%m-%d')),
  ('30', 'Миранда Ричардсон', STR_TO_DATE('1958-03-03', '%Y-%m-%d')),
  ('31', 'Донатас Банионис', STR_TO_DATE('1924-04-28', '%Y-%m-%d')),
  ('32', 'Наталья Бондарчук', STR_TO_DATE('1950-05-10', '%Y-%m-%d')),
  ('33', 'Юри Ярвет', STR_TO_DATE('1938-02-22', '%Y-%m-%d')),
  ('34', 'Анатолий Солоницын', STR_TO_DATE('1934-08-30', '%Y-%m-%d')),
  ('35', 'Иван Лапиков', STR_TO_DATE('1922-07-07', '%Y-%m-%d')),
  ('36', 'Николай Гринько', STR_TO_DATE('1920-05-22', '%Y-%m-%d')),
  ('37', 'Александр Кайдановский', STR_TO_DATE('1946-07-07', '%Y-%m-%d')),
  ('38', 'Джек Николсон', STR_TO_DATE('1937-04-22', '%Y-%m-%d')),
  ('39', 'Шелли Дюваль', STR_TO_DATE('1949-07-07', '%Y-%m-%d')),
  ('40', 'Дэнни Ллойд', STR_TO_DATE('1973-01-01', '%Y-%m-%d')),
  ('41', 'Мэттью Модайн', STR_TO_DATE('1959-03-22', '%Y-%m-%d')),
  ('42', 'Адам Болдуин', STR_TO_DATE('1962-02-22', '%Y-%m-%d')),
  ('43', 'Винсент Д’Онофрио', STR_TO_DATE('1959-06-30', '%Y-%m-%d')),
  ('44', 'Кир Дуллеа', STR_TO_DATE('1936-05-30', '%Y-%m-%d')),
  ('45', 'Гэри Локвуд', STR_TO_DATE('1937-02-21', '%Y-%m-%d')),
  ('46', 'Уильям Сильвестр', STR_TO_DATE('1922-01-31', '%Y-%m-%d')),
  ('47', 'Николь Кидман', STR_TO_DATE('1967-06-20', '%Y-%m-%d')),
  ('48', 'Сидни Поллак', STR_TO_DATE('1934-07-01', '%Y-%m-%d')),
  ('49', 'Леонардо Ди Каприо', STR_TO_DATE('1974-11-11', '%Y-%m-%d')),
  ('50', 'Джона Хилл', STR_TO_DATE('1983-12-20', '%Y-%m-%d')),
  ('51', 'Марго Робби', STR_TO_DATE('1990-07-02', '%Y-%m-%d')),
  ('52', 'Марк Руффало', STR_TO_DATE('1967-11-22', '%Y-%m-%d')),
  ('53', 'Бен Кингсли', STR_TO_DATE('1943-12-31', '%Y-%m-%d')),
  ('54', 'Мэтт Дэймон', STR_TO_DATE('1970-10-08', '%Y-%m-%d')),
  ('55', 'Роберт Де Ниро', STR_TO_DATE('1943-08-17', '%Y-%m-%d')),
  ('56', 'Рэй Лиотта', STR_TO_DATE('1954-12-18', '%Y-%m-%d')),
  ('57', 'Джо Пеши', STR_TO_DATE('1943-02-09', '%Y-%m-%d')),
  ('58', 'Джон Траволта', STR_TO_DATE('1954-02-18', '%Y-%m-%d')),
  ('59', 'Сэмюэл Л. Джексон', STR_TO_DATE('1948-12-21', '%Y-%m-%d')),
  ('60', 'Брюс Уиллис', STR_TO_DATE('1955-03-19', '%Y-%m-%d')),
  ('61', 'Брэд Питт', STR_TO_DATE('1963-12-18', '%Y-%m-%d')),
  ('62', 'Джейми Фокс', STR_TO_DATE('1967-12-13', '%Y-%m-%d')),
  ('63', 'Кристоф Вальц', STR_TO_DATE('1956-10-04', '%Y-%m-%d')),
  ('64', 'Курт Рассел', STR_TO_DATE('1951-03-17', '%Y-%m-%d')),
  ('65', 'Тим Рот', STR_TO_DATE('1961-05-14', '%Y-%m-%d')),
  ('66', 'Мэттью МакКонахи', STR_TO_DATE('1969-11-04', '%Y-%m-%d')),
  ('67', 'Чарли Ханнэм', STR_TO_DATE('1980-04-10', '%Y-%m-%d')),
  ('68', 'Генри Голдинг', STR_TO_DATE('1987-02-05', '%Y-%m-%d')),
  ('69', 'Джейсон Стэйтем', STR_TO_DATE('1967-07-26', '%Y-%m-%d')),
  ('70', 'Холт Маккэллани', STR_TO_DATE('1964-09-03', '%Y-%m-%d')),
  ('71', 'Джеффри Донован', STR_TO_DATE('1968-05-11', '%Y-%m-%d')),
  ('72', 'Джейсон Флеминг', STR_TO_DATE('1966-09-25', '%Y-%m-%d')),
  ('73', 'Декстер Флетчер', STR_TO_DATE('1966-01-31', '%Y-%m-%d')),
  ('74', 'Стивен Грэм', STR_TO_DATE('1973-08-03', '%Y-%m-%d')),
  ('75', 'Адам Драйвер', STR_TO_DATE('1983-11-19', '%Y-%m-%d')),
  ('76', 'Джоди Комер', STR_TO_DATE('1993-03-11', '%Y-%m-%d')),
  ('77', 'Рассел Кроу', STR_TO_DATE('1964-04-07', '%Y-%m-%d')),
  ('78', 'Хоакин Феникс', STR_TO_DATE('1974-10-28', '%Y-%m-%d')),
  ('79', 'Конни Нильсен', STR_TO_DATE('1965-07-03', '%Y-%m-%d')),
  ('80', 'Сигурни Уивер', STR_TO_DATE('1949-10-08', '%Y-%m-%d')),
  ('81', 'Том Скеррит', STR_TO_DATE('1933-08-25', '%Y-%m-%d')),
  ('82', 'Иэн Холм', STR_TO_DATE('1931-09-12', '%Y-%m-%d')),
  ('83', 'Нуми Рапас', STR_TO_DATE('1979-12-28', '%Y-%m-%d')),
  ('84', 'Майкл Фассбендер', STR_TO_DATE('1977-04-02', '%Y-%m-%d')),
  ('85', 'Шарлиз Терон', STR_TO_DATE('1989-08-01', '%Y-%m-%d'))
  ;


INSERT INTO `actors_in_films` (`film_id`,`actor_id`)
VALUES
  ('1', '1'),
  ('1', '2'),
  ('1', '3'),
  ('2', '4'),
  ('2', '5'),
  ('2', '6'),
  ('3', '7'),
  ('3', '8'),
  ('3', '9'),
  ('4', '10'),
  ('4', '11'),
  ('4', '12'),
  ('4', '55'),
  ('5', '4'),
  ('5', '13'),
  ('5', '14'),
  ('6', '15'),
  ('6', '16'),
  ('6', '17'),
  ('7', '18'),
  ('7', '19'),
  ('7', '20'),
  ('8', '21'),
  ('8', '22'),
  ('8', '23'),
  ('9', '4'),
  ('9', '24'),
  ('9', '25'),
  ('10', '24'),
  ('10', '26'),
  ('10', '27'),
  ('11', '28'),
  ('11', '29'),
  ('11', '30'),
  ('12', '31'),
  ('12', '32'),
  ('12', '33'),
  ('13', '34'),
  ('13', '35'),
  ('13', '36'),
  ('14', '37'),
  ('14', '35'),
  ('14', '36'),
  ('15', '38'),
  ('15', '39'),
  ('15', '40'),
  ('16', '41'),
  ('16', '42'),
  ('16', '43'),
  ('17', '44'),
  ('17', '45'),
  ('17', '46'),
  ('18', '1'),
  ('18', '47'),
  ('18', '48'),
  ('19', '49'),
  ('19', '50'),
  ('19', '51'),
  ('20', '49'),
  ('20', '52'),
  ('20', '53'),
  ('21', '49'),
  ('21', '38'),
  ('21', '54'),
  ('22', '55'),
  ('22', '56'),
  ('22', '57'),
  ('23', '58'),
  ('23', '59'),
  ('23', '60'),
  ('24', '49'),
  ('24', '51'),
  ('24', '61'),
  ('25', '49'),
  ('25', '62'),
  ('25', '63'),
  ('26', '64'),
  ('26', '65'),
  ('26', '59'),
  ('27', '66'),
  ('27', '67'),
  ('27', '68'),
  ('28', '69'),
  ('28', '70'),
  ('28', '71'),
  ('29', '69'),
  ('29', '72'),
  ('29', '73'),
  ('30', '61'),
  ('30', '69'),
  ('30', '74'),
  ('31', '54'),
  ('31', '75'),
  ('31', '76'),
  ('32', '77'),
  ('32', '78'),
  ('32', '79'),
  ('33', '80'),
  ('33', '81'),
  ('33', '82'),
  ('34', '83'),
  ('34', '84'),
  ('34', '85');


INSERT INTO `genres` (`id`, `name`)
VALUES
  ('1', "коммедия"),
  ('2',"триллер"),
  ('3',"боевик"),
  ('4',"приключения"),
  ('5',"криминал"),
  ('6',"драма"),
  ('7',"ужасы"),
  ('8',"детектив"),
  ('9',"фантастика"),
  ('10',"военный"),
  ('11',"история"),
  ('12',"биография"),
  ('13',"вестерн");


  ;


INSERT INTO `films_genres` (`film_id`,`genre_id`)
VALUES
  ('1', '2'),
  ('1', '3'),
  ('1', '4'),
  ('2', '6'),
  ('2', '5'),
  ('3', '6'),
  ('3', '7'),
  ('4', '2'),
  ('4', '5'),
  ('4', '6'),
  ('5', '2'),
  ('5', '5'),
  ('5', '6'),
  ('6', '2'),
  ('6', '5'),
  ('6', '6'),
  ('6', '8'),
  ('7', '7'),
  ('7', '2'),
  ('7', '6'),
  ('7', '5'),
  ('8', '2'),
  ('8', '4'),
  ('8', '9'),
  ('9', '5'),
  ('9', '6'),
  ('10', '3'),
  ('10', '6'),
  ('10', '10'),
  ('10', '11'),
  ('11', '2'),
  ('11', '9'),
  ('11', '7'),
  ('11', '8'),
  ('12', '6'),
  ('12', '8'),
  ('12', '9'),
  ('13', '6'),
  ('13', '11'),
  ('13', '12'),
  ('14', '6'),
  ('14', '8'),
  ('14', '4'),
  ('14', '9'),
  ('15', '2'),
  ('15', '6'),
  ('15', '7'),
  ('15', '8'),
  ('16', '6'),
  ('16', '10'),
  ('17', '4'),
  ('17', '9'),
  ('18', '2'),
  ('18', '6'),
  ('18', '8'),
  ('19', '1'),
  ('19', '6'),
  ('19', '5'),
  ('19', '12'),
  ('20', '2'),
  ('20', '6'),
  ('20', '8'),
  ('21', '2'),
  ('21', '6'),
  ('21', '5'),
  ('22', '2'),
  ('22', '6'),
  ('22', '12'),
  ('23', '5'),
  ('23', '6'),
  ('24', '1'),
  ('24', '6'),
  ('25', '13'),
  ('25', '3'),
  ('25', '6'),
  ('25', '1'),
  ('26', '13'),
  ('26', '5'),
  ('26', '2'),
  ('26', '6'),
  ('26', '8'),
  ('27', '5'),
  ('27', '1'),
  ('27', '3'),
  ('28', '3'),
  ('28', '2'),
  ('29', '3'),
  ('29', '1'),
  ('29', '5'),
  ('30', '5'),
  ('30', '1'),
  ('30', '3'),
  ('31', '11'),
  ('31', '6'),
  ('32', '11'),
  ('32', '3'),
  ('32', '6'),
  ('32', '4'),
  ('33', '7'),
  ('33', '9'),
  ('33', '2'),
  ('34', '9'),
  ('34', '7');


INSERT INTO `subscription` (`id`, `name`,`description`)
VALUES
('1', 'free', 'Подписка включает фильмы, фильмы вышедшие более 5 лет назад'),
('2', 'light', 'Подписка включает фильмы, вышедшие не менее 5 лет назад'),
('3', 'full', 'Подписка включает все фильмы, в том числе новинки');




INSERT INTO `films_id_subscription` (`subscription_id`, `film_id`)
SELECT
CASE
	WHEN years < 1 THEN '3'
	WHEN years < 5 THEN '2'
	ELSE '1'
END subscription_id,
id
FROM (SELECT id, film_name, YEAR(NOW())-YEAR(release_date) as years FROM films)t;


INSERT INTO clients (`id`, `name`, `surname`, `birthdate`, `email`, `subscription_effective_to`)
VALUES
('1','Camilla','Lawson', STR_TO_DATE('2023-04-19', '%Y-%m-%d'), 'est.arcu.ac@yahoo.org', STR_TO_DATE('2023-02-13', '%Y-%m-%d')),
('2','Risa','House', STR_TO_DATE('2022-06-07', '%Y-%m-%d'), 'dolor@yahoo.ca', STR_TO_DATE('2021-08-18', '%Y-%m-%d')),
('3','Lev','Holloway', STR_TO_DATE('2022-07-26', '%Y-%m-%d'), 'primis.in@hotmail.org', STR_TO_DATE('2022-09-14', '%Y-%m-%d')),
('4','Samantha','Turner', STR_TO_DATE('2021-11-27', '%Y-%m-%d'), 'suspendisse@hotmail.ca', STR_TO_DATE('2022-04-27', '%Y-%m-%d')),
('5','Mollie','Douglas', STR_TO_DATE('2021-12-07', '%Y-%m-%d'), 'aliquet.sem@aol.edu', STR_TO_DATE('2021-11-16', '%Y-%m-%d')),
('6','Marshall','Boyer', STR_TO_DATE('2021-10-31', '%Y-%m-%d'), 'orci@outlook.edu', STR_TO_DATE('2022-01-09', '%Y-%m-%d')),
('7','Jakeem','Stein', STR_TO_DATE('2022-06-12', '%Y-%m-%d'), 'eget.nisi@aol.net', STR_TO_DATE('2021-09-04', '%Y-%m-%d')),
('8','Libby','Byrd', STR_TO_DATE('2021-10-28', '%Y-%m-%d'), 'fermentum.convallis@outlook.net', STR_TO_DATE('2022-03-02', '%Y-%m-%d')),
('9','Nadine','Harris', STR_TO_DATE('2022-05-05', '%Y-%m-%d'), 'quisque.nonummy@aol.com', STR_TO_DATE('2022-01-28', '%Y-%m-%d')),
('10','Eagan','Pearson', STR_TO_DATE('2022-10-29', '%Y-%m-%d'), 'in.ornare.sagittis@yahoo.edu', STR_TO_DATE('2021-08-19', '%Y-%m-%d')),
('11','Gail','Hull', STR_TO_DATE('2022-06-01', '%Y-%m-%d'), 'nulla.semper@icloud.net', STR_TO_DATE('2022-04-23', '%Y-%m-%d')),
('12','Kennan','Burke', STR_TO_DATE('2022-06-19', '%Y-%m-%d'), 'nullam.ut.nisi@hotmail.couk', STR_TO_DATE('2021-07-06', '%Y-%m-%d')),
('13','Maris','Joyce', STR_TO_DATE('2021-12-15', '%Y-%m-%d'), 'pharetra.nibh.aliquam@icloud.couk', STR_TO_DATE('2021-09-11', '%Y-%m-%d')),
('14','Preston','Reeves', STR_TO_DATE('2022-09-23', '%Y-%m-%d'), 'convallis.convallis@outlook.edu', STR_TO_DATE('2021-11-30', '%Y-%m-%d')),
('15','Kelly','Osborne', STR_TO_DATE('2022-02-11', '%Y-%m-%d'), 'mollis.integer.tincidunt@hotmail.ca', STR_TO_DATE('2022-09-18', '%Y-%m-%d')),
('16','Signe','Roberts', STR_TO_DATE('2021-08-06', '%Y-%m-%d'), 'ridiculus.mus.donec@icloud.org', STR_TO_DATE('2021-11-02', '%Y-%m-%d')),
('17','Karina','Koch', STR_TO_DATE('2023-05-17', '%Y-%m-%d'), 'justo.praesent@outlook.edu', STR_TO_DATE('2021-11-26', '%Y-%m-%d')),
('18','Mariam','Bowman', STR_TO_DATE('2022-07-19', '%Y-%m-%d'), 'et.rutrum@google.couk', STR_TO_DATE('2022-04-21', '%Y-%m-%d')),
('19','Tad','Bradley', STR_TO_DATE('2022-11-22', '%Y-%m-%d'), 'mi@outlook.couk', STR_TO_DATE('2022-10-19', '%Y-%m-%d')),
('20','Roanna','Curry', STR_TO_DATE('2021-06-21', '%Y-%m-%d'), 'ullamcorper@hotmail.couk', STR_TO_DATE('2023-04-10', '%Y-%m-%d')),
('21','Chanda','Cummings', STR_TO_DATE('2022-10-05', '%Y-%m-%d'), 'arcu.vestibulum@protonmail.org', STR_TO_DATE('2021-09-17', '%Y-%m-%d')),
('22','Anjolie','Hendrix', STR_TO_DATE('2022-04-03', '%Y-%m-%d'), 'auctor.quis.tristique@outlook.com', STR_TO_DATE('2022-09-15', '%Y-%m-%d')),
('23','Nichole','Oneal', STR_TO_DATE('2022-11-16', '%Y-%m-%d'), 'sed@hotmail.net', STR_TO_DATE('2022-01-19', '%Y-%m-%d')),
('24','Ezra','Holmes', STR_TO_DATE('2022-04-29', '%Y-%m-%d'), 'sit.amet@yahoo.org', STR_TO_DATE('2021-09-25', '%Y-%m-%d')),
('25','Elizabeth','Avila', STR_TO_DATE('2023-05-12', '%Y-%m-%d'), 'est.mauris@hotmail.edu', STR_TO_DATE('2021-10-20', '%Y-%m-%d')),
('26','Plato','Rhodes', STR_TO_DATE('2023-01-08', '%Y-%m-%d'), 'ac@yahoo.edu', STR_TO_DATE('2022-09-26', '%Y-%m-%d')),
('27','Jeanette','Marquez', STR_TO_DATE('2023-05-14', '%Y-%m-%d'), 'nisi.nibh.lacinia@yahoo.com', STR_TO_DATE('2022-05-24', '%Y-%m-%d')),
('28','Serina','Colon', STR_TO_DATE('2022-01-05', '%Y-%m-%d'), 'feugiat.tellus.lorem@hotmail.org', STR_TO_DATE('2022-04-19', '%Y-%m-%d')),
('29','Murphy','Bonner', STR_TO_DATE('2021-06-30', '%Y-%m-%d'), 'praesent.eu@protonmail.couk', STR_TO_DATE('2023-01-01', '%Y-%m-%d')),
('30','Iola','Gibbs', STR_TO_DATE('2022-05-31', '%Y-%m-%d'), 'ac.urna.ut@google.couk', STR_TO_DATE('2023-01-26', '%Y-%m-%d')),
('31','Ima','Pennington', STR_TO_DATE('2021-10-20', '%Y-%m-%d'), 'aliquam.adipiscing@yahoo.org', STR_TO_DATE('2022-10-31', '%Y-%m-%d')),
('32','Halla','Sweet', STR_TO_DATE('2022-08-06', '%Y-%m-%d'), 'fringilla.euismod.enim@icloud.org', STR_TO_DATE('2022-02-26', '%Y-%m-%d')),
('33','Burke','Tran', STR_TO_DATE('2022-02-07', '%Y-%m-%d'), 'a@protonmail.com', STR_TO_DATE('2022-07-28', '%Y-%m-%d')),
('34','Sade','Acevedo', STR_TO_DATE('2021-06-03', '%Y-%m-%d'), 'cras.lorem@yahoo.com', STR_TO_DATE('2022-05-17', '%Y-%m-%d')),
('35','Jorden','Hooper', STR_TO_DATE('2023-01-26', '%Y-%m-%d'), 'tellus.suspendisse@outlook.net', STR_TO_DATE('2021-08-07', '%Y-%m-%d')),
('36','Rebecca','Garza', STR_TO_DATE('2022-06-27', '%Y-%m-%d'), 'phasellus.in@google.edu', STR_TO_DATE('2021-12-23', '%Y-%m-%d')),
('37','Mechelle','Petty', STR_TO_DATE('2022-02-21', '%Y-%m-%d'), 'tempus@protonmail.ca', STR_TO_DATE('2022-04-16', '%Y-%m-%d')),
('38','Willa','Martin', STR_TO_DATE('2023-02-02', '%Y-%m-%d'), 'dolor.sit@yahoo.couk', STR_TO_DATE('2021-06-09', '%Y-%m-%d')),
('39','Lucius','Cross', STR_TO_DATE('2023-05-28', '%Y-%m-%d'), 'lorem.donec.elementum@protonmail.couk', STR_TO_DATE('2022-01-18', '%Y-%m-%d')),
('40','Wyatt','Briggs', STR_TO_DATE('2023-02-05', '%Y-%m-%d'), 'tristique@outlook.org', STR_TO_DATE('2023-01-30', '%Y-%m-%d')),
('41','Alden','Merrill', STR_TO_DATE('2021-08-22', '%Y-%m-%d'), 'ipsum.suspendisse.non@icloud.net', STR_TO_DATE('2022-06-22', '%Y-%m-%d')),
('42','Sasha','Sutton', STR_TO_DATE('2021-09-05', '%Y-%m-%d'), 'at@outlook.edu', STR_TO_DATE('2022-04-11', '%Y-%m-%d')),
('43','Ishmael','Edwards', STR_TO_DATE('2023-02-03', '%Y-%m-%d'), 'vestibulum.mauris@google.couk', STR_TO_DATE('2022-03-17', '%Y-%m-%d')),
('44','Abra','Hayes', STR_TO_DATE('2021-12-03', '%Y-%m-%d'), 'aliquam.auctor.velit@yahoo.ca', STR_TO_DATE('2022-07-21', '%Y-%m-%d')),
('45','Gabriel','Fuentes', STR_TO_DATE('2022-04-17', '%Y-%m-%d'), 'purus.ac@protonmail.couk', STR_TO_DATE('2021-10-19', '%Y-%m-%d')),
('46','Quynn','Stevens', STR_TO_DATE('2022-08-11', '%Y-%m-%d'), 'et.commodo@hotmail.ca', STR_TO_DATE('2022-02-22', '%Y-%m-%d')),
('47','Jack','Gutierrez', STR_TO_DATE('2021-11-25', '%Y-%m-%d'), 'ullamcorper.magna@icloud.ca', STR_TO_DATE('2021-07-30', '%Y-%m-%d')),
('48','Gareth','Whitaker', STR_TO_DATE('2022-01-17', '%Y-%m-%d'), 'dapibus.id.blandit@google.couk', STR_TO_DATE('2021-08-26', '%Y-%m-%d')),
('49','Tanisha','Ortiz', STR_TO_DATE('2021-09-12', '%Y-%m-%d'), 'odio.aliquam@google.couk', STR_TO_DATE('2021-09-13', '%Y-%m-%d')),
('50','Marah','Parker', STR_TO_DATE('2022-05-27', '%Y-%m-%d'), 'vel.venenatis@aol.org', STR_TO_DATE('2021-06-02', '%Y-%m-%d')),
('51','Judah','Graves', STR_TO_DATE('2021-12-10', '%Y-%m-%d'), 'duis.gravida@google.net', STR_TO_DATE('2023-04-13', '%Y-%m-%d')),
('52','Dolan','Oneil', STR_TO_DATE('2022-03-01', '%Y-%m-%d'), 'est.vitae.sodales@outlook.net', STR_TO_DATE('2022-03-24', '%Y-%m-%d')),
('53','Rhonda','Wiggins', STR_TO_DATE('2022-03-29', '%Y-%m-%d'), 'tellus@hotmail.org', STR_TO_DATE('2022-08-31', '%Y-%m-%d')),
('54','Latifah','Trujillo', STR_TO_DATE('2021-12-09', '%Y-%m-%d'), 'posuere.at@yahoo.net', STR_TO_DATE('2023-05-13', '%Y-%m-%d')),
('55','Gareth','Kelly', STR_TO_DATE('2023-05-16', '%Y-%m-%d'), 'id.sapien.cras@aol.ca', STR_TO_DATE('2023-03-26', '%Y-%m-%d')),
('56','Piper','Lambert', STR_TO_DATE('2023-02-07', '%Y-%m-%d'), 'magna.suspendisse.tristique@hotmail.couk', STR_TO_DATE('2022-07-10', '%Y-%m-%d')),
('57','Sade','Mcfadden', STR_TO_DATE('2023-04-11', '%Y-%m-%d'), 'et.lacinia@google.org', STR_TO_DATE('2022-09-10', '%Y-%m-%d')),
('58','Shad','Olson', STR_TO_DATE('2022-08-24', '%Y-%m-%d'), 'in.mi.pede@icloud.couk', STR_TO_DATE('2022-10-22', '%Y-%m-%d')),
('59','Amity','Stein', STR_TO_DATE('2021-09-17', '%Y-%m-%d'), 'est.vitae.sodales@hotmail.ca', STR_TO_DATE('2021-10-14', '%Y-%m-%d')),
('60','Drake','Kirk', STR_TO_DATE('2023-02-02', '%Y-%m-%d'), 'arcu.vivamus.sit@outlook.com', STR_TO_DATE('2023-01-01', '%Y-%m-%d')),
('61','Chaney','William', STR_TO_DATE('2021-07-01', '%Y-%m-%d'), 'lobortis.quam.a@yahoo.com', STR_TO_DATE('2022-05-27', '%Y-%m-%d')),
('62','Ima','Porter', STR_TO_DATE('2022-06-29', '%Y-%m-%d'), 'rutrum.magna@aol.edu', STR_TO_DATE('2023-04-01', '%Y-%m-%d')),
('63','Velma','Woodward', STR_TO_DATE('2022-07-03', '%Y-%m-%d'), 'magnis@hotmail.ca', STR_TO_DATE('2021-11-28', '%Y-%m-%d')),
('64','Karina','Kent', STR_TO_DATE('2021-10-07', '%Y-%m-%d'), 'donec.non@icloud.couk', STR_TO_DATE('2023-05-21', '%Y-%m-%d')),
('65','Ahmed','Bass', STR_TO_DATE('2022-01-18', '%Y-%m-%d'), 'sed@icloud.com', STR_TO_DATE('2022-01-02', '%Y-%m-%d')),
('66','Bert','Bender', STR_TO_DATE('2021-07-20', '%Y-%m-%d'), 'auctor.odio@hotmail.com', STR_TO_DATE('2023-04-27', '%Y-%m-%d')),
('67','Dale','Pollard', STR_TO_DATE('2022-02-04', '%Y-%m-%d'), 'egestas@google.edu', STR_TO_DATE('2022-05-06', '%Y-%m-%d')),
('68','Caleb','Henson', STR_TO_DATE('2022-01-26', '%Y-%m-%d'), 'in.consequat@outlook.couk', STR_TO_DATE('2022-02-13', '%Y-%m-%d')),
('69','Aidan','Lindsey', STR_TO_DATE('2022-06-22', '%Y-%m-%d'), 'cum.sociis.natoque@protonmail.com', STR_TO_DATE('2023-04-12', '%Y-%m-%d')),
('70','Mason','Richard', STR_TO_DATE('2022-01-12', '%Y-%m-%d'), 'mollis.vitae@google.com', STR_TO_DATE('2022-03-26', '%Y-%m-%d')),
('71','Sharon','Jarvis', STR_TO_DATE('2022-09-18', '%Y-%m-%d'), 'et.netus.et@outlook.edu', STR_TO_DATE('2021-11-10', '%Y-%m-%d')),
('72','Courtney','Howard', STR_TO_DATE('2021-11-05', '%Y-%m-%d'), 'nunc@outlook.org', STR_TO_DATE('2021-09-27', '%Y-%m-%d')),
('73','Jessica','Mclaughlin', STR_TO_DATE('2021-07-22', '%Y-%m-%d'), 'lobortis.quis@yahoo.net', STR_TO_DATE('2023-03-09', '%Y-%m-%d')),
('74','Barbara','Alexander', STR_TO_DATE('2023-03-30', '%Y-%m-%d'), 'rutrum.fusce@icloud.net', STR_TO_DATE('2021-12-30', '%Y-%m-%d')),
('75','Thane','Parsons', STR_TO_DATE('2023-05-09', '%Y-%m-%d'), 'enim.suspendisse.aliquet@yahoo.ca', STR_TO_DATE('2022-12-08', '%Y-%m-%d')),
('76','Walker','Fleming', STR_TO_DATE('2021-12-24', '%Y-%m-%d'), 'purus.sapien.gravida@hotmail.edu', STR_TO_DATE('2022-03-27', '%Y-%m-%d')),
('77','Sean','Goodwin', STR_TO_DATE('2023-03-13', '%Y-%m-%d'), 'ac.feugiat@hotmail.net', STR_TO_DATE('2022-02-16', '%Y-%m-%d')),
('78','Athena','King', STR_TO_DATE('2022-12-07', '%Y-%m-%d'), 'et.rutrum@icloud.net', STR_TO_DATE('2021-06-16', '%Y-%m-%d')),
('79','Kadeem','Warren', STR_TO_DATE('2021-12-12', '%Y-%m-%d'), 'urna.convallis.erat@yahoo.com', STR_TO_DATE('2021-11-11', '%Y-%m-%d')),
('80','Hiroko','Barlow', STR_TO_DATE('2022-03-18', '%Y-%m-%d'), 'id.ante@icloud.net', STR_TO_DATE('2021-06-19', '%Y-%m-%d')),
('81','Shelley','Levine', STR_TO_DATE('2022-02-08', '%Y-%m-%d'), 'sed@outlook.org', STR_TO_DATE('2021-09-23', '%Y-%m-%d')),
('82','Garrett','Key', STR_TO_DATE('2021-11-24', '%Y-%m-%d'), 'amet.consectetuer@protonmail.edu', STR_TO_DATE('2023-06-01', '%Y-%m-%d')),
('83','Isaac','Wynn', STR_TO_DATE('2022-07-12', '%Y-%m-%d'), 'aliquam@outlook.couk', STR_TO_DATE('2022-03-19', '%Y-%m-%d')),
('84','Nigel','Kent', STR_TO_DATE('2022-01-25', '%Y-%m-%d'), 'torquent@hotmail.org', STR_TO_DATE('2023-01-12', '%Y-%m-%d')),
('85','Carl','Wynn', STR_TO_DATE('2023-05-25', '%Y-%m-%d'), 'adipiscing.ligula.aenean@yahoo.edu', STR_TO_DATE('2023-04-16', '%Y-%m-%d')),
('86','Iona','Leblanc', STR_TO_DATE('2022-05-08', '%Y-%m-%d'), 'bibendum.ullamcorper.duis@google.net', STR_TO_DATE('2021-06-14', '%Y-%m-%d')),
('87','Imani','Powell', STR_TO_DATE('2022-04-16', '%Y-%m-%d'), 'nam.interdum@hotmail.couk', STR_TO_DATE('2022-02-10', '%Y-%m-%d')),
('88','Megan','Mcintyre', STR_TO_DATE('2022-12-24', '%Y-%m-%d'), 'non@protonmail.net', STR_TO_DATE('2022-09-05', '%Y-%m-%d')),
('89','Samantha','Keith', STR_TO_DATE('2022-11-03', '%Y-%m-%d'), 'et.libero@google.ca', STR_TO_DATE('2022-12-15', '%Y-%m-%d')),
('90','Bruce','Wong', STR_TO_DATE('2022-10-02', '%Y-%m-%d'), 'nisl.nulla.eu@aol.ca', STR_TO_DATE('2022-02-05', '%Y-%m-%d')),
('91','Patricia','Mercer', STR_TO_DATE('2022-09-24', '%Y-%m-%d'), 'et.rutrum.eu@icloud.net', STR_TO_DATE('2021-11-05', '%Y-%m-%d')),
('92','Todd','Hull', STR_TO_DATE('2022-08-20', '%Y-%m-%d'), 'ornare.elit.elit@yahoo.couk', STR_TO_DATE('2022-03-08', '%Y-%m-%d')),
('93','Maite','Sloan', STR_TO_DATE('2022-04-11', '%Y-%m-%d'), 'sed.sem@outlook.ca', STR_TO_DATE('2021-06-09', '%Y-%m-%d')),
('94','Elvis','Goodman', STR_TO_DATE('2022-09-20', '%Y-%m-%d'), 'risus@icloud.edu', STR_TO_DATE('2021-08-09', '%Y-%m-%d')),
('95','Len','Dickson', STR_TO_DATE('2023-05-15', '%Y-%m-%d'), 'ligula.elit@aol.couk', STR_TO_DATE('2021-09-04', '%Y-%m-%d')),
('96','Willa','Ayala', STR_TO_DATE('2022-07-31', '%Y-%m-%d'), 'magna.sed@hotmail.couk', STR_TO_DATE('2022-07-16', '%Y-%m-%d')),
('97','Aquila','Griffin', STR_TO_DATE('2022-05-31', '%Y-%m-%d'), 'montes@icloud.ca', STR_TO_DATE('2022-09-06', '%Y-%m-%d')),
('98','Ezekiel','Witt', STR_TO_DATE('2022-12-11', '%Y-%m-%d'), 'dignissim.lacus.aliquam@outlook.org', STR_TO_DATE('2022-05-16', '%Y-%m-%d')),
('99','Rachel','Holmes', STR_TO_DATE('2023-01-23', '%Y-%m-%d'), 'nec.cursus.a@google.edu', STR_TO_DATE('2021-12-02', '%Y-%m-%d')),
('100','Whilemina','Keith', STR_TO_DATE('2021-08-19', '%Y-%m-%d'), 'ut@hotmail.com', STR_TO_DATE('2021-07-29', '%Y-%m-%d')),
('101','Summer','Jacobs', STR_TO_DATE('2023-04-09', '%Y-%m-%d'), 'etiam.bibendum@outlook.edu', STR_TO_DATE('2021-09-06', '%Y-%m-%d')),
('102','Shad','Farmer', STR_TO_DATE('2022-07-30', '%Y-%m-%d'), 'cursus@icloud.couk', STR_TO_DATE('2021-06-25', '%Y-%m-%d')),
('103','Kalia','Branch', STR_TO_DATE('2023-01-05', '%Y-%m-%d'), 'sapien.imperdiet.ornare@aol.org', STR_TO_DATE('2021-08-29', '%Y-%m-%d')),
('104','Burton','Mooney', STR_TO_DATE('2022-05-12', '%Y-%m-%d'), 'sapien@icloud.org', STR_TO_DATE('2022-11-20', '%Y-%m-%d')),
('105','Dahlia','Kennedy', STR_TO_DATE('2021-11-18', '%Y-%m-%d'), 'eros.nam@protonmail.ca', STR_TO_DATE('2022-11-02', '%Y-%m-%d')),
('106','Palmer','Casey', STR_TO_DATE('2022-02-09', '%Y-%m-%d'), 'vestibulum.mauris@aol.com', STR_TO_DATE('2021-12-02', '%Y-%m-%d')),
('107','Patrick','Hutchinson', STR_TO_DATE('2021-06-12', '%Y-%m-%d'), 'erat.nonummy@outlook.edu', STR_TO_DATE('2021-06-18', '%Y-%m-%d')),
('108','Adrienne','Rush', STR_TO_DATE('2022-10-01', '%Y-%m-%d'), 'aliquam.iaculis@yahoo.org', STR_TO_DATE('2022-08-19', '%Y-%m-%d')),
('109','Allen','Gilliam', STR_TO_DATE('2022-06-11', '%Y-%m-%d'), 'fermentum@icloud.com', STR_TO_DATE('2023-03-02', '%Y-%m-%d')),
('110','Aphrodite','Pitts', STR_TO_DATE('2022-08-29', '%Y-%m-%d'), 'nulla.eu@hotmail.org', STR_TO_DATE('2021-09-24', '%Y-%m-%d')),
('111','Gloria','Ball', STR_TO_DATE('2021-12-31', '%Y-%m-%d'), 'magna.sed@outlook.couk', STR_TO_DATE('2022-03-22', '%Y-%m-%d')),
('112','Jarrod','Bell', STR_TO_DATE('2021-10-09', '%Y-%m-%d'), 'sem.ut.cursus@google.org', STR_TO_DATE('2021-08-31', '%Y-%m-%d')),
('113','Jasper','Mercer', STR_TO_DATE('2022-01-15', '%Y-%m-%d'), 'dictum.proin@outlook.ca', STR_TO_DATE('2021-07-27', '%Y-%m-%d')),
('114','Jescie','Simon', STR_TO_DATE('2023-01-24', '%Y-%m-%d'), 'auctor@icloud.couk', STR_TO_DATE('2022-05-20', '%Y-%m-%d')),
('115','Neil','Kent', STR_TO_DATE('2022-09-07', '%Y-%m-%d'), 'vel@yahoo.net', STR_TO_DATE('2022-03-25', '%Y-%m-%d')),
('116','Shana','Johnson', STR_TO_DATE('2022-05-05', '%Y-%m-%d'), 'purus@hotmail.net', STR_TO_DATE('2022-07-30', '%Y-%m-%d')),
('117','Sebastian','Sandoval', STR_TO_DATE('2022-06-26', '%Y-%m-%d'), 'enim@protonmail.org', STR_TO_DATE('2023-03-23', '%Y-%m-%d')),
('118','Hadassah','Cameron', STR_TO_DATE('2021-08-20', '%Y-%m-%d'), 'mi.fringilla.mi@protonmail.net', STR_TO_DATE('2022-11-05', '%Y-%m-%d')),
('119','Omar','Fisher', STR_TO_DATE('2021-12-27', '%Y-%m-%d'), 'enim.mauris@aol.com', STR_TO_DATE('2021-10-27', '%Y-%m-%d')),
('120','Cole','Frank', STR_TO_DATE('2022-02-21', '%Y-%m-%d'), 'eu@yahoo.com', STR_TO_DATE('2021-06-06', '%Y-%m-%d')),
('121','Yuri','Shannon', STR_TO_DATE('2022-08-27', '%Y-%m-%d'), 'donec.porttitor.tellus@icloud.couk', STR_TO_DATE('2021-06-30', '%Y-%m-%d')),
('122','Rinah','Wiggins', STR_TO_DATE('2023-02-25', '%Y-%m-%d'), 'fermentum.metus@outlook.couk', STR_TO_DATE('2021-07-19', '%Y-%m-%d')),
('123','Samuel','Dennis', STR_TO_DATE('2021-06-23', '%Y-%m-%d'), 'nulla.tempor.augue@google.edu', STR_TO_DATE('2021-10-26', '%Y-%m-%d')),
('124','Fallon','Smith', STR_TO_DATE('2022-05-13', '%Y-%m-%d'), 'non.luctus.sit@protonmail.net', STR_TO_DATE('2022-10-03', '%Y-%m-%d')),
('125','Aspen','Bullock', STR_TO_DATE('2023-04-12', '%Y-%m-%d'), 'ultricies.dignissim.lacus@aol.org', STR_TO_DATE('2022-05-26', '%Y-%m-%d')),
('126','Morgan','Mcfarland', STR_TO_DATE('2023-01-09', '%Y-%m-%d'), 'at.libero@protonmail.couk', STR_TO_DATE('2022-08-08', '%Y-%m-%d')),
('127','Eagan','Nelson', STR_TO_DATE('2021-08-03', '%Y-%m-%d'), 'dolor.sit@protonmail.net', STR_TO_DATE('2022-01-05', '%Y-%m-%d')),
('128','Lyle','Heath', STR_TO_DATE('2022-06-12', '%Y-%m-%d'), 'diam@hotmail.couk', STR_TO_DATE('2022-01-28', '%Y-%m-%d')),
('129','Thaddeus','Shelton', STR_TO_DATE('2023-04-05', '%Y-%m-%d'), 'porttitor.tellus.non@protonmail.com', STR_TO_DATE('2023-01-30', '%Y-%m-%d')),
('130','Faith','Morin', STR_TO_DATE('2023-03-25', '%Y-%m-%d'), 'ut@hotmail.edu', STR_TO_DATE('2023-02-07', '%Y-%m-%d')),
('131','Aileen','Morales', STR_TO_DATE('2023-02-04', '%Y-%m-%d'), 'scelerisque@yahoo.couk', STR_TO_DATE('2022-07-20', '%Y-%m-%d')),
('132','Charles','Daniel', STR_TO_DATE('2021-07-19', '%Y-%m-%d'), 'at.risus@protonmail.net', STR_TO_DATE('2021-11-04', '%Y-%m-%d')),
('133','Omar','Strong', STR_TO_DATE('2023-03-19', '%Y-%m-%d'), 'donec@protonmail.org', STR_TO_DATE('2021-08-23', '%Y-%m-%d')),
('134','Michelle','Carney', STR_TO_DATE('2023-04-09', '%Y-%m-%d'), 'ultrices.mauris@yahoo.org', STR_TO_DATE('2022-07-25', '%Y-%m-%d')),
('135','Maris','Oneil', STR_TO_DATE('2022-12-20', '%Y-%m-%d'), 'duis.a.mi@icloud.edu', STR_TO_DATE('2022-11-21', '%Y-%m-%d')),
('136','Erich','Sweet', STR_TO_DATE('2022-10-16', '%Y-%m-%d'), 'egestas.blandit@outlook.org', STR_TO_DATE('2021-06-19', '%Y-%m-%d')),
('137','Prescott','Albert', STR_TO_DATE('2022-01-03', '%Y-%m-%d'), 'sodales.purus.in@outlook.com', STR_TO_DATE('2021-06-21', '%Y-%m-%d')),
('138','Whitney','Webster', STR_TO_DATE('2022-01-02', '%Y-%m-%d'), 'euismod@outlook.com', STR_TO_DATE('2022-12-23', '%Y-%m-%d')),
('139','Travis','Poole', STR_TO_DATE('2022-03-16', '%Y-%m-%d'), 'et@outlook.ca', STR_TO_DATE('2023-02-21', '%Y-%m-%d')),
('140','Chiquita','Howell', STR_TO_DATE('2022-02-15', '%Y-%m-%d'), 'laoreet.lectus.quis@hotmail.net', STR_TO_DATE('2021-08-08', '%Y-%m-%d')),
('141','Plato','Briggs', STR_TO_DATE('2021-10-05', '%Y-%m-%d'), 'egestas.rhoncus@outlook.edu', STR_TO_DATE('2022-11-10', '%Y-%m-%d')),
('142','Galena','Daugherty', STR_TO_DATE('2022-06-18', '%Y-%m-%d'), 'magna.phasellus@icloud.ca', STR_TO_DATE('2023-04-29', '%Y-%m-%d')),
('143','Jonah','Horton', STR_TO_DATE('2023-04-14', '%Y-%m-%d'), 'aenean@protonmail.org', STR_TO_DATE('2022-01-20', '%Y-%m-%d')),
('144','Allistair','Fletcher', STR_TO_DATE('2021-12-23', '%Y-%m-%d'), 'augue.ut@protonmail.net', STR_TO_DATE('2021-11-04', '%Y-%m-%d')),
('145','Galena','Osborne', STR_TO_DATE('2023-01-30', '%Y-%m-%d'), 'sit.amet@aol.couk', STR_TO_DATE('2021-07-25', '%Y-%m-%d')),
('146','Samson','Sharpe', STR_TO_DATE('2021-09-02', '%Y-%m-%d'), 'nulla.eu@outlook.org', STR_TO_DATE('2021-12-04', '%Y-%m-%d')),
('147','Malachi','Pace', STR_TO_DATE('2022-12-25', '%Y-%m-%d'), 'vel.convallis@icloud.net', STR_TO_DATE('2023-04-15', '%Y-%m-%d')),
('148','Ashton','Hurley', STR_TO_DATE('2021-12-28', '%Y-%m-%d'), 'in.at.pede@outlook.net', STR_TO_DATE('2021-12-07', '%Y-%m-%d')),
('149','Cara','Mcdaniel', STR_TO_DATE('2021-06-28', '%Y-%m-%d'), 'amet.lorem@protonmail.couk', STR_TO_DATE('2022-09-10', '%Y-%m-%d')),
('150','Allistair','Foster', STR_TO_DATE('2023-02-22', '%Y-%m-%d'), 'eu.tellus@google.ca', STR_TO_DATE('2021-08-23', '%Y-%m-%d')),
('151','Sage','Emerson', STR_TO_DATE('2021-06-17', '%Y-%m-%d'), 'proin.velit@aol.couk', STR_TO_DATE('2022-10-22', '%Y-%m-%d')),
('152','Azalia','Mclean', STR_TO_DATE('2022-08-29', '%Y-%m-%d'), 'enim.condimentum.eget@yahoo.ca', STR_TO_DATE('2023-05-06', '%Y-%m-%d')),
('153','Nehru','Bond', STR_TO_DATE('2023-05-18', '%Y-%m-%d'), 'nec.ante@outlook.ca', STR_TO_DATE('2022-09-14', '%Y-%m-%d')),
('154','Jaquelyn','Malone', STR_TO_DATE('2022-01-09', '%Y-%m-%d'), 'turpis.aliquam.adipiscing@protonmail.ca', STR_TO_DATE('2022-06-11', '%Y-%m-%d')),
('155','Gil','Cannon', STR_TO_DATE('2021-08-18', '%Y-%m-%d'), 'dictum.eu@icloud.edu', STR_TO_DATE('2023-05-16', '%Y-%m-%d')),
('156','Madaline','Sykes', STR_TO_DATE('2022-06-08', '%Y-%m-%d'), 'nunc.id@protonmail.couk', STR_TO_DATE('2021-12-02', '%Y-%m-%d')),
('157','Lewis','Garrett', STR_TO_DATE('2022-03-12', '%Y-%m-%d'), 'egestas.aliquam.nec@google.ca', STR_TO_DATE('2021-07-10', '%Y-%m-%d')),
('158','Inga','Miles', STR_TO_DATE('2022-11-28', '%Y-%m-%d'), 'venenatis.vel@icloud.edu', STR_TO_DATE('2022-07-29', '%Y-%m-%d')),
('159','Cora','Day', STR_TO_DATE('2021-06-29', '%Y-%m-%d'), 'erat.volutpat@protonmail.org', STR_TO_DATE('2022-06-25', '%Y-%m-%d')),
('160','Kelsey','Gaines', STR_TO_DATE('2022-12-04', '%Y-%m-%d'), 'integer@aol.edu', STR_TO_DATE('2022-06-03', '%Y-%m-%d')),
('161','Colt','Kirkland', STR_TO_DATE('2021-12-04', '%Y-%m-%d'), 'turpis.in@google.com', STR_TO_DATE('2023-04-15', '%Y-%m-%d')),
('162','Jade','Keller', STR_TO_DATE('2023-03-15', '%Y-%m-%d'), 'sem@protonmail.ca', STR_TO_DATE('2022-06-15', '%Y-%m-%d')),
('163','Emmanuel','Pace', STR_TO_DATE('2021-10-26', '%Y-%m-%d'), 'interdum.feugiat.sed@outlook.net', STR_TO_DATE('2022-09-15', '%Y-%m-%d')),
('164','Karly','Walter', STR_TO_DATE('2021-11-13', '%Y-%m-%d'), 'rutrum.justo@yahoo.com', STR_TO_DATE('2023-04-28', '%Y-%m-%d')),
('165','Catherine','Maxwell', STR_TO_DATE('2022-01-17', '%Y-%m-%d'), 'pede.sagittis@google.org', STR_TO_DATE('2022-04-18', '%Y-%m-%d')),
('166','May','George', STR_TO_DATE('2023-01-08', '%Y-%m-%d'), 'semper.nam@icloud.ca', STR_TO_DATE('2023-01-26', '%Y-%m-%d')),
('167','Carla','Goodwin', STR_TO_DATE('2022-01-16', '%Y-%m-%d'), 'et@google.couk', STR_TO_DATE('2021-06-05', '%Y-%m-%d')),
('168','Christopher','Snider', STR_TO_DATE('2021-11-24', '%Y-%m-%d'), 'ullamcorper@hotmail.net', STR_TO_DATE('2021-07-02', '%Y-%m-%d')),
('169','Madeson','Hull', STR_TO_DATE('2021-11-21', '%Y-%m-%d'), 'lorem.fringilla.ornare@outlook.com', STR_TO_DATE('2021-11-29', '%Y-%m-%d')),
('170','Idola','Mcintyre', STR_TO_DATE('2023-03-12', '%Y-%m-%d'), 'massa@icloud.couk', STR_TO_DATE('2021-08-09', '%Y-%m-%d')),
('171','Shad','Henderson', STR_TO_DATE('2023-04-13', '%Y-%m-%d'), 'ac.turpis@protonmail.couk', STR_TO_DATE('2022-04-20', '%Y-%m-%d')),
('172','Scott','Cummings', STR_TO_DATE('2021-07-14', '%Y-%m-%d'), 'velit.pellentesque.ultricies@protonmail.org', STR_TO_DATE('2023-03-11', '%Y-%m-%d')),
('173','Jana','Hebert', STR_TO_DATE('2022-03-12', '%Y-%m-%d'), 'quis.lectus@hotmail.ca', STR_TO_DATE('2021-09-27', '%Y-%m-%d')),
('174','Chastity','Wilcox', STR_TO_DATE('2021-10-25', '%Y-%m-%d'), 'aliquet.sem@outlook.com', STR_TO_DATE('2022-09-28', '%Y-%m-%d')),
('175','Alec','Frederick', STR_TO_DATE('2021-06-11', '%Y-%m-%d'), 'eu@aol.couk', STR_TO_DATE('2022-10-03', '%Y-%m-%d')),
('176','Oliver','Padilla', STR_TO_DATE('2021-11-09', '%Y-%m-%d'), 'eleifend.nec.malesuada@icloud.ca', STR_TO_DATE('2022-09-05', '%Y-%m-%d')),
('177','Ralph','Nieves', STR_TO_DATE('2022-11-22', '%Y-%m-%d'), 'nunc.mauris.morbi@aol.net', STR_TO_DATE('2023-02-05', '%Y-%m-%d')),
('178','Maia','Abbott', STR_TO_DATE('2022-11-03', '%Y-%m-%d'), 'urna@outlook.edu', STR_TO_DATE('2022-12-20', '%Y-%m-%d')),
('179','Rafael','Galloway', STR_TO_DATE('2023-01-26', '%Y-%m-%d'), 'justo.proin@hotmail.org', STR_TO_DATE('2022-03-16', '%Y-%m-%d')),
('180','Theodore','Parker', STR_TO_DATE('2022-05-04', '%Y-%m-%d'), 'vehicula.risus.nulla@hotmail.ca', STR_TO_DATE('2021-12-05', '%Y-%m-%d')),
('181','Maxwell','Andrews', STR_TO_DATE('2022-05-30', '%Y-%m-%d'), 'egestas.rhoncus.proin@protonmail.couk', STR_TO_DATE('2022-08-08', '%Y-%m-%d')),
('182','Ashely','West', STR_TO_DATE('2022-06-07', '%Y-%m-%d'), 'malesuada.fringilla.est@aol.couk', STR_TO_DATE('2021-11-03', '%Y-%m-%d')),
('183','Ray','Graves', STR_TO_DATE('2021-08-14', '%Y-%m-%d'), 'tempus.mauris.erat@protonmail.org', STR_TO_DATE('2022-07-12', '%Y-%m-%d')),
('184','Acton','Griffith', STR_TO_DATE('2022-12-08', '%Y-%m-%d'), 'leo.elementum.sem@yahoo.ca', STR_TO_DATE('2023-04-19', '%Y-%m-%d')),
('185','Britanni','Thompson', STR_TO_DATE('2022-04-27', '%Y-%m-%d'), 'suspendisse.eleifend@icloud.ca', STR_TO_DATE('2022-11-19', '%Y-%m-%d')),
('186','Ray','Alexander', STR_TO_DATE('2021-09-29', '%Y-%m-%d'), 'iaculis.nec@hotmail.ca', STR_TO_DATE('2021-12-10', '%Y-%m-%d')),
('187','Kai','Mcclain', STR_TO_DATE('2022-07-05', '%Y-%m-%d'), 'vitae.dolor@hotmail.net', STR_TO_DATE('2022-06-04', '%Y-%m-%d')),
('188','Perry','Gilliam', STR_TO_DATE('2021-09-21', '%Y-%m-%d'), 'metus.vivamus@icloud.org', STR_TO_DATE('2021-06-22', '%Y-%m-%d')),
('189','Addison','Ashley', STR_TO_DATE('2022-10-22', '%Y-%m-%d'), 'ac.fermentum.vel@protonmail.couk', STR_TO_DATE('2021-10-15', '%Y-%m-%d')),
('190','Phelan','Wilkerson', STR_TO_DATE('2023-01-24', '%Y-%m-%d'), 'vulputate.eu@yahoo.net', STR_TO_DATE('2022-08-12', '%Y-%m-%d')),
('191','Vanna','Meadows', STR_TO_DATE('2022-08-01', '%Y-%m-%d'), 'nisi@hotmail.ca', STR_TO_DATE('2022-12-03', '%Y-%m-%d')),
('192','Brandon','Cannon', STR_TO_DATE('2022-10-26', '%Y-%m-%d'), 'vulputate.velit@google.com', STR_TO_DATE('2021-09-21', '%Y-%m-%d')),
('193','Tad','Hodges', STR_TO_DATE('2022-11-20', '%Y-%m-%d'), 'aliquam.ultrices.iaculis@google.couk', STR_TO_DATE('2022-01-15', '%Y-%m-%d')),
('194','Hadassah','Morse', STR_TO_DATE('2021-10-04', '%Y-%m-%d'), 'consequat.nec.mollis@protonmail.net', STR_TO_DATE('2023-05-07', '%Y-%m-%d')),
('195','Nerea','Medina', STR_TO_DATE('2022-02-07', '%Y-%m-%d'), 'morbi.neque@yahoo.edu', STR_TO_DATE('2022-07-05', '%Y-%m-%d')),
('196','Tobias','Miles', STR_TO_DATE('2022-12-08', '%Y-%m-%d'), 'odio@icloud.ca', STR_TO_DATE('2021-11-07', '%Y-%m-%d')),
('197','Wang','Gould', STR_TO_DATE('2022-10-13', '%Y-%m-%d'), 'nulla.ante@aol.ca', STR_TO_DATE('2022-02-21', '%Y-%m-%d')),
('198','Vivian','Preston', STR_TO_DATE('2023-05-22', '%Y-%m-%d'), 'est.vitae.sodales@hotmail.org', STR_TO_DATE('2021-11-02', '%Y-%m-%d')),
('199','Doris','Ramsey', STR_TO_DATE('2021-08-23', '%Y-%m-%d'), 'duis.at@icloud.org', STR_TO_DATE('2023-01-27', '%Y-%m-%d')),
('200','Raphael','Sanford', STR_TO_DATE('2022-03-13', '%Y-%m-%d'), 'sapien.nunc.pulvinar@yahoo.couk', STR_TO_DATE('2022-04-26', '%Y-%m-%d'));

-- Внесены случайные изменения -- как-будто эти пользователи купили подписку
UPDATE clients
SET clients.subscription_id = '3'
Where clients.name LIKE 'a%' or clients.name LIKE '%h' or clients.name LIKE 'b%';

-- Внесены случайные изменения -- как-будто эти пользователи купили подписку
UPDATE clients
SET clients.subscription_id = '2'
Where clients.name LIKE 'r%' or clients.name LIKE '%u' or clients.name LIKE 'n%';


INSERT INTO `cards` (`number`,`owner`, `effective_from`, `effective_to`)
VALUES
('5136492986789739',1,STR_TO_DATE('2021-07-03', '%Y-%m-%d'),STR_TO_DATE('2024-07-03', '%Y-%m-%d')),
('5152346436523438',2,STR_TO_DATE('2020-07-03', '%Y-%m-%d'),STR_TO_DATE('2023-07-03', '%Y-%m-%d')),
('5284257139342458',3,STR_TO_DATE('2019-07-03', '%Y-%m-%d'),STR_TO_DATE('2022-07-03', '%Y-%m-%d')),
('5373594548722140',5,STR_TO_DATE('2021-08-03', '%Y-%m-%d'),STR_TO_DATE('2022-08-03', '%Y-%m-%d')),
('3970871596244809',195, STR_TO_DATE('2019-2-2', '%Y-%m-%d'), STR_TO_DATE('2023-4-6', '%Y-%m-%d')),
('8327544679369892',180, STR_TO_DATE('2018-1-1', '%Y-%m-%d'), STR_TO_DATE('2022-12-4', '%Y-%m-%d')),
('5576452375464977',99, STR_TO_DATE('2021-8-16', '%Y-%m-%d'), STR_TO_DATE('2023-5-24', '%Y-%m-%d')),
('8686430323153755',24, STR_TO_DATE('2018-6-23', '%Y-%m-%d'), STR_TO_DATE('2023-8-24', '%Y-%m-%d')),
('6800954445397474',160, STR_TO_DATE('2021-8-16', '%Y-%m-%d'), STR_TO_DATE('2024-6-14', '%Y-%m-%d')),
('7619372483747683',138, STR_TO_DATE('2019-6-4', '%Y-%m-%d'), STR_TO_DATE('2024-6-9', '%Y-%m-%d')),
('3910655721343576',64, STR_TO_DATE('2021-3-19', '%Y-%m-%d'), STR_TO_DATE('2022-3-9', '%Y-%m-%d')),
('3609683645854070',55, STR_TO_DATE('2018-5-1', '%Y-%m-%d'), STR_TO_DATE('2022-8-9', '%Y-%m-%d')),
('4431483049216691',57, STR_TO_DATE('2018-6-26', '%Y-%m-%d'), STR_TO_DATE('2024-9-14', '%Y-%m-%d')),
('7064912988683339',103, STR_TO_DATE('2018-9-3', '%Y-%m-%d'), STR_TO_DATE('2022-3-8', '%Y-%m-%d')),
('6788565549531910',110, STR_TO_DATE('2018-3-13', '%Y-%m-%d'), STR_TO_DATE('2023-4-15', '%Y-%m-%d')),
('3045290368072157',42, STR_TO_DATE('2021-1-27', '%Y-%m-%d'), STR_TO_DATE('2024-2-7', '%Y-%m-%d')),
('7249716353288819',131, STR_TO_DATE('2021-4-23', '%Y-%m-%d'), STR_TO_DATE('2024-7-7', '%Y-%m-%d')),
('2363352952147129',99, STR_TO_DATE('2020-3-22', '%Y-%m-%d'), STR_TO_DATE('2024-10-27', '%Y-%m-%d')),
('9138432882341131',146, STR_TO_DATE('2020-12-22', '%Y-%m-%d'), STR_TO_DATE('2022-9-9', '%Y-%m-%d')),
('1733917270883759',198, STR_TO_DATE('2020-11-3', '%Y-%m-%d'), STR_TO_DATE('2023-12-21', '%Y-%m-%d')),
('8010264723295333',172, STR_TO_DATE('2020-12-24', '%Y-%m-%d'), STR_TO_DATE('2022-9-12', '%Y-%m-%d')),
('2171683677429529',48, STR_TO_DATE('2018-12-3', '%Y-%m-%d'), STR_TO_DATE('2024-2-17', '%Y-%m-%d')),
('9040131658696654',18, STR_TO_DATE('2018-5-18', '%Y-%m-%d'), STR_TO_DATE('2022-11-25', '%Y-%m-%d')),
('5288226187351818',74, STR_TO_DATE('2020-4-3', '%Y-%m-%d'), STR_TO_DATE('2024-8-17', '%Y-%m-%d')),
('2223189258909773',39, STR_TO_DATE('2018-9-8', '%Y-%m-%d'), STR_TO_DATE('2022-11-18', '%Y-%m-%d')),
('6572684686876943',54, STR_TO_DATE('2019-1-19', '%Y-%m-%d'), STR_TO_DATE('2023-8-4', '%Y-%m-%d')),
('8087866224631622',196, STR_TO_DATE('2019-3-8', '%Y-%m-%d'), STR_TO_DATE('2023-9-19', '%Y-%m-%d')),
('9157140289556841',58, STR_TO_DATE('2018-4-4', '%Y-%m-%d'), STR_TO_DATE('2022-12-3', '%Y-%m-%d')),
('5491161892628882',1, STR_TO_DATE('2020-2-18', '%Y-%m-%d'), STR_TO_DATE('2023-10-17', '%Y-%m-%d')),
('9855909817307723',118, STR_TO_DATE('2020-11-12', '%Y-%m-%d'), STR_TO_DATE('2024-8-1', '%Y-%m-%d')),
('6734739960545267',143, STR_TO_DATE('2018-11-8', '%Y-%m-%d'), STR_TO_DATE('2023-12-23', '%Y-%m-%d')),
('5787145549316976',50, STR_TO_DATE('2020-11-22', '%Y-%m-%d'), STR_TO_DATE('2024-10-20', '%Y-%m-%d')),
('8099834791641862',106, STR_TO_DATE('2021-3-24', '%Y-%m-%d'), STR_TO_DATE('2023-8-11', '%Y-%m-%d')),
('8556448237207476',1, STR_TO_DATE('2019-4-28', '%Y-%m-%d'), STR_TO_DATE('2023-8-8', '%Y-%m-%d')),
('4503742476883790',75, STR_TO_DATE('2020-5-23', '%Y-%m-%d'), STR_TO_DATE('2023-11-16', '%Y-%m-%d')),
('7043359341847799',7, STR_TO_DATE('2019-12-11', '%Y-%m-%d'), STR_TO_DATE('2022-12-17', '%Y-%m-%d')),
('1710344349419205',103, STR_TO_DATE('2021-8-18', '%Y-%m-%d'), STR_TO_DATE('2024-8-28', '%Y-%m-%d')),
('4419992272647557',5, STR_TO_DATE('2019-5-2', '%Y-%m-%d'), STR_TO_DATE('2024-2-23', '%Y-%m-%d')),
('7033765951689009',147, STR_TO_DATE('2018-1-10', '%Y-%m-%d'), STR_TO_DATE('2024-10-13', '%Y-%m-%d')),
('4622833638008766',173, STR_TO_DATE('2020-3-10', '%Y-%m-%d'), STR_TO_DATE('2024-9-19', '%Y-%m-%d')),
('7833112740552439',74, STR_TO_DATE('2018-1-28', '%Y-%m-%d'), STR_TO_DATE('2024-11-13', '%Y-%m-%d')),
('6463481341619850',56, STR_TO_DATE('2020-3-24', '%Y-%m-%d'), STR_TO_DATE('2023-7-22', '%Y-%m-%d')),
('8183454978944824',55, STR_TO_DATE('2020-12-16', '%Y-%m-%d'), STR_TO_DATE('2022-5-16', '%Y-%m-%d')),
('8536369327567099',32, STR_TO_DATE('2021-5-28', '%Y-%m-%d'), STR_TO_DATE('2023-3-26', '%Y-%m-%d')),
('2632844080462254',145, STR_TO_DATE('2020-2-5', '%Y-%m-%d'), STR_TO_DATE('2024-4-20', '%Y-%m-%d')),
('7816269662686752',158, STR_TO_DATE('2018-11-3', '%Y-%m-%d'), STR_TO_DATE('2022-2-20', '%Y-%m-%d')),
('7055266914453046',24, STR_TO_DATE('2021-9-12', '%Y-%m-%d'), STR_TO_DATE('2022-8-3', '%Y-%m-%d')),
('1866473368636624',179, STR_TO_DATE('2018-7-19', '%Y-%m-%d'), STR_TO_DATE('2023-5-8', '%Y-%m-%d')),
('2884656833811918',137, STR_TO_DATE('2019-8-22', '%Y-%m-%d'), STR_TO_DATE('2022-11-26', '%Y-%m-%d')),
('1127918281243513',151, STR_TO_DATE('2019-7-15', '%Y-%m-%d'), STR_TO_DATE('2022-5-9', '%Y-%m-%d')),
('3179617294732253',124, STR_TO_DATE('2021-5-4', '%Y-%m-%d'), STR_TO_DATE('2022-10-23', '%Y-%m-%d')),
('3734148870551632',33, STR_TO_DATE('2020-6-27', '%Y-%m-%d'), STR_TO_DATE('2023-2-28', '%Y-%m-%d')),
('2752796193464446',72, STR_TO_DATE('2019-4-15', '%Y-%m-%d'), STR_TO_DATE('2023-3-7', '%Y-%m-%d')),
('2879259321353585',63, STR_TO_DATE('2020-7-11', '%Y-%m-%d'), STR_TO_DATE('2022-11-14', '%Y-%m-%d')),
('5008263725095501',1, STR_TO_DATE('2021-8-23', '%Y-%m-%d'), STR_TO_DATE('2024-7-6', '%Y-%m-%d')),
('3065489933621204',116, STR_TO_DATE('2019-10-16', '%Y-%m-%d'), STR_TO_DATE('2024-3-1', '%Y-%m-%d')),
('3701143833372521',63, STR_TO_DATE('2019-10-26', '%Y-%m-%d'), STR_TO_DATE('2023-10-14', '%Y-%m-%d')),
('3243237980753173',95, STR_TO_DATE('2021-11-25', '%Y-%m-%d'), STR_TO_DATE('2023-5-16', '%Y-%m-%d')),
('2693619425041781',192, STR_TO_DATE('2019-5-17', '%Y-%m-%d'), STR_TO_DATE('2024-6-14', '%Y-%m-%d')),
('6343356481982543',183, STR_TO_DATE('2020-5-1', '%Y-%m-%d'), STR_TO_DATE('2023-5-12', '%Y-%m-%d')),
('4042362978767189',167, STR_TO_DATE('2020-5-1', '%Y-%m-%d'), STR_TO_DATE('2023-11-12', '%Y-%m-%d')),
('5857180550268310',49, STR_TO_DATE('2020-1-28', '%Y-%m-%d'), STR_TO_DATE('2022-4-18', '%Y-%m-%d')),
('4638526425018257',103, STR_TO_DATE('2018-6-6', '%Y-%m-%d'), STR_TO_DATE('2022-12-25', '%Y-%m-%d')),
('1180317246735455',141, STR_TO_DATE('2020-1-20', '%Y-%m-%d'), STR_TO_DATE('2022-7-2', '%Y-%m-%d')),
('2319149560984827',35, STR_TO_DATE('2021-12-8', '%Y-%m-%d'), STR_TO_DATE('2022-11-12', '%Y-%m-%d')),
('8352448465983321',79, STR_TO_DATE('2020-2-26', '%Y-%m-%d'), STR_TO_DATE('2022-3-5', '%Y-%m-%d')),
('1713875496629651',136, STR_TO_DATE('2020-12-3', '%Y-%m-%d'), STR_TO_DATE('2023-7-7', '%Y-%m-%d')),
('1438319815858851',195, STR_TO_DATE('2018-10-2', '%Y-%m-%d'), STR_TO_DATE('2023-7-15', '%Y-%m-%d')),
('4798582635524190',64, STR_TO_DATE('2019-2-15', '%Y-%m-%d'), STR_TO_DATE('2023-8-16', '%Y-%m-%d')),
('9703180158725808',193, STR_TO_DATE('2018-10-10', '%Y-%m-%d'), STR_TO_DATE('2023-5-23', '%Y-%m-%d')),
('6207501532711301',98, STR_TO_DATE('2019-10-15', '%Y-%m-%d'), STR_TO_DATE('2022-12-18', '%Y-%m-%d')),
('2723427468608547',64, STR_TO_DATE('2019-1-28', '%Y-%m-%d'), STR_TO_DATE('2024-5-26', '%Y-%m-%d')),
('5689341183259990',106, STR_TO_DATE('2019-1-12', '%Y-%m-%d'), STR_TO_DATE('2024-11-3', '%Y-%m-%d')),
('2600696717872785',29, STR_TO_DATE('2020-7-26', '%Y-%m-%d'), STR_TO_DATE('2023-11-2', '%Y-%m-%d')),
('7639606075419794',93, STR_TO_DATE('2018-6-13', '%Y-%m-%d'), STR_TO_DATE('2022-2-2', '%Y-%m-%d')),
('8801763423988853',169, STR_TO_DATE('2019-10-14', '%Y-%m-%d'), STR_TO_DATE('2023-6-26', '%Y-%m-%d')),
('3926494380236934',123, STR_TO_DATE('2020-12-14', '%Y-%m-%d'), STR_TO_DATE('2022-2-13', '%Y-%m-%d')),
('6211578887864610',178, STR_TO_DATE('2021-1-12', '%Y-%m-%d'), STR_TO_DATE('2024-4-28', '%Y-%m-%d')),
('7155738382615083',60, STR_TO_DATE('2021-6-11', '%Y-%m-%d'), STR_TO_DATE('2022-2-16', '%Y-%m-%d')),
('3924627319072499',114, STR_TO_DATE('2020-6-10', '%Y-%m-%d'), STR_TO_DATE('2023-2-5', '%Y-%m-%d')),
('4618437479071338',165, STR_TO_DATE('2020-10-6', '%Y-%m-%d'), STR_TO_DATE('2024-12-4', '%Y-%m-%d')),
('9977319785655630',195, STR_TO_DATE('2018-6-5', '%Y-%m-%d'), STR_TO_DATE('2023-4-1', '%Y-%m-%d')),
('6703385744125313',2, STR_TO_DATE('2018-5-23', '%Y-%m-%d'), STR_TO_DATE('2023-4-2', '%Y-%m-%d')),
('4682279179745617',15, STR_TO_DATE('2021-9-15', '%Y-%m-%d'), STR_TO_DATE('2023-10-23', '%Y-%m-%d')),
('6279598286534181',79, STR_TO_DATE('2019-7-18', '%Y-%m-%d'), STR_TO_DATE('2022-2-19', '%Y-%m-%d')),
('6701691939769712',59, STR_TO_DATE('2018-12-3', '%Y-%m-%d'), STR_TO_DATE('2023-10-28', '%Y-%m-%d')),
('6869575314293422',119, STR_TO_DATE('2019-9-3', '%Y-%m-%d'), STR_TO_DATE('2022-8-16', '%Y-%m-%d')),
('4633946926688502',141, STR_TO_DATE('2020-9-22', '%Y-%m-%d'), STR_TO_DATE('2024-12-12', '%Y-%m-%d')),
('1345227017177992',54, STR_TO_DATE('2021-4-12', '%Y-%m-%d'), STR_TO_DATE('2024-7-24', '%Y-%m-%d')),
('1637146865439252',139, STR_TO_DATE('2021-12-24', '%Y-%m-%d'), STR_TO_DATE('2024-9-10', '%Y-%m-%d')),
('8555463954246313',125, STR_TO_DATE('2020-1-27', '%Y-%m-%d'), STR_TO_DATE('2022-2-11', '%Y-%m-%d')),
('2487974867226516',145, STR_TO_DATE('2020-1-2', '%Y-%m-%d'), STR_TO_DATE('2022-7-26', '%Y-%m-%d')),
('6672565722541458',51, STR_TO_DATE('2021-2-8', '%Y-%m-%d'), STR_TO_DATE('2024-10-20', '%Y-%m-%d')),
('3005314268857148',30, STR_TO_DATE('2019-9-18', '%Y-%m-%d'), STR_TO_DATE('2024-7-1', '%Y-%m-%d')),
('7283224357848167',46, STR_TO_DATE('2020-1-23', '%Y-%m-%d'), STR_TO_DATE('2022-9-2', '%Y-%m-%d')),
('9989246499627048',71, STR_TO_DATE('2020-6-1', '%Y-%m-%d'), STR_TO_DATE('2023-10-19', '%Y-%m-%d')),
('7096404239739114',54, STR_TO_DATE('2021-11-18', '%Y-%m-%d'), STR_TO_DATE('2024-11-13', '%Y-%m-%d')),
('1212349337155254',93, STR_TO_DATE('2020-6-20', '%Y-%m-%d'), STR_TO_DATE('2024-11-7', '%Y-%m-%d')),
('5958170148213128',53, STR_TO_DATE('2019-1-3', '%Y-%m-%d'), STR_TO_DATE('2023-3-14', '%Y-%m-%d')),
('8820309990037723',104, STR_TO_DATE('2020-2-4', '%Y-%m-%d'), STR_TO_DATE('2024-6-13', '%Y-%m-%d')),
('3546239695471528',154, STR_TO_DATE('2020-4-17', '%Y-%m-%d'), STR_TO_DATE('2022-10-5', '%Y-%m-%d')),
('1472449753107876',138, STR_TO_DATE('2018-5-12', '%Y-%m-%d'), STR_TO_DATE('2023-10-20', '%Y-%m-%d')),
('1217115033651880',183, STR_TO_DATE('2018-10-3', '%Y-%m-%d'), STR_TO_DATE('2022-7-3', '%Y-%m-%d')),
('6329681725827208',102, STR_TO_DATE('2019-12-17', '%Y-%m-%d'), STR_TO_DATE('2022-8-3', '%Y-%m-%d'));